{
  "start_time": 1757736540.870575,
  "end_time": 1757736542.3972933,
  "duration": 1.5267183780670166,
  "metrics": [
    {
      "timestamp": 1757736540.870575,
      "process_cpu": 0.0,
      "process_memory_mb": 2.01953125,
      "process_threads": 2,
      "system_cpu_avg": 0.0,
      "system_cpu_cores": [
        0.0,
        0.0,
        0.0,
        0.0,
        0.0,
        0.0,
        0.0,
        0.0,
        0.0,
        100.0,
        0.0,
        0.0,
        0.0,
        0.0,
        0.0,
        0.0,
        0.0,
        0.0,
        0.0,
        0.0,
        0.0,
        0.0,
        0.0,
        0.0,
        0.0,
        0.0,
        0.0,
        0.0,
        0.0,
        0.0,
        100.0,
        100.0,
        0.0,
        0.0,
        0.0,
        0.0,
        0.0,
        0.0,
        0.0,
        0.0,
        0.0,
        0.0,
        0.0,
        0.0,
        0.0,
        0.0,
        0.0,
        0.0,
        0.0,
        0.0,
        0.0,
        0.0,
        0.0,
        0.0,
        0.0,
        0.0,
        0.0,
        0.0,
        0.0,
        0.0,
        0.0,
        0.0,
        0.0,
        0.0
      ],
      "cores_active": 3,
      "system_memory_mb": 8624.984375,
      "system_memory_percent": 42.1
    },
    {
      "timestamp": 1757736541.3786986,
      "process_cpu": 195.4,
      "process_memory_mb": 4.30859375,
      "process_threads": 2,
      "system_cpu_avg": 10.3,
      "system_cpu_cores": [
        7.8,
        5.9,
        45.1,
        3.9,
        5.9,
        7.5,
        3.9,
        72.5,
        9.6,
        100.0,
        5.9,
        2.0,
        7.7,
        3.9,
        5.9,
        5.8,
        34.0,
        5.9,
        7.7,
        4.0,
        5.8,
        7.7,
        5.9,
        4.0,
        7.7,
        5.8,
        9.6,
        5.9,
        7.5,
        5.9,
        7.8,
        4.0,
        5.9,
        7.5,
        32.7,
        9.8,
        4.0,
        3.9,
        5.9,
        33.3,
        5.8,
        3.9,
        5.9,
        7.5,
        5.9,
        5.9,
        5.9,
        5.8,
        4.0,
        7.8,
        5.8,
        3.9,
        5.8,
        5.9,
        7.7,
        5.8,
        7.8,
        3.9,
        3.9,
        5.9,
        5.8,
        6.0,
        5.9,
        3.9
      ],
      "cores_active": 49,
      "system_memory_mb": 8624.5390625,
      "system_memory_percent": 42.1
    },
    {
      "timestamp": 1757736541.8885415,
      "process_cpu": 200.7,
      "process_memory_mb": 4.30859375,
      "process_threads": 2,
      "system_cpu_avg": 8.4,
      "system_cpu_cores": [
        6.0,
        3.9,
        2.0,
        2.0,
        3.9,
        2.0,
        3.9,
        44.0,
        4.0,
        98.1,
        2.0,
        41.2,
        39.2,
        2.0,
        2.0,
        2.0,
        54.9,
        3.9,
        2.0,
        5.8,
        2.0,
        3.9,
        2.0,
        2.0,
        2.0,
        2.0,
        2.0,
        2.0,
        4.0,
        3.8,
        24.0,
        2.0,
        2.0,
        2.5,
        2.0,
        3.8,
        0.0,
        2.0,
        3.9,
        56.9,
        0.0,
        5.9,
        14.0,
        8.0,
        4.1,
        3.8,
        0.0,
        4.0,
        2.0,
        2.0,
        2.0,
        2.0,
        3.9,
        0.0,
        2.0,
        0.0,
        0.0,
        2.0,
        5.9,
        2.0,
        2.0,
        3.8,
        12.0,
        2.0
      ],
      "cores_active": 14,
      "system_memory_mb": 8625.390625,
      "system_memory_percent": 42.1
    },
    {
      "timestamp": 1757736542.3972933,
      "process_cpu": 196.2,
      "process_memory_mb": 4.81640625,
      "process_threads": 2,
      "system_cpu_avg": 7.0,
      "system_cpu_cores": [
        3.9,
        2.0,
        0.0,
        2.0,
        2.0,
        2.0,
        3.8,
        98.1,
        0.0,
        28.0,
        2.0,
        2.0,
        2.0,
        5.7,
        2.0,
        3.8,
        2.0,
        3.9,
        2.0,
        3.9,
        2.0,
        3.8,
        2.0,
        2.0,
        3.9,
        3.9,
        2.0,
        0.0,
        2.0,
        3.9,
        0.0,
        2.0,
        2.0,
        2.0,
        2.0,
        0.0,
        2.0,
        5.8,
        3.8,
        2.0,
        3.8,
        70.6,
        3.9,
        0.0,
        2.0,
        2.0,
        1.9,
        6.0,
        45.1,
        7.8,
        2.0,
        2.0,
        2.0,
        4.0,
        2.0,
        3.8,
        2.0,
        2.0,
        54.9,
        2.0,
        2.0,
        0.0,
        3.8,
        4.0
      ],
      "cores_active": 9,
      "system_memory_mb": 8626.359375,
      "system_memory_percent": 42.1
    }
  ]
}