{
  "start_time": 1757737578.0607638,
  "end_time": 1757737582.129318,
  "duration": 4.068554162979126,
  "metrics": [
    {
      "timestamp": 1757737578.0607638,
      "process_cpu": 0.0,
      "process_memory_mb": 2.01953125,
      "process_threads": 1,
      "system_cpu_avg": 25.0,
      "system_cpu_cores": [
        0.0,
        0.0,
        0.0,
        0.0,
        0.0,
        0.0,
        0.0,
        0.0,
        0.0,
        0.0,
        0.0,
        0.0,
        0.0,
        0.0,
        0.0,
        0.0,
        0.0,
        0.0,
        0.0,
        0.0,
        0.0,
        0.0,
        0.0,
        0.0,
        0.0,
        0.0,
        0.0,
        0.0,
        0.0,
        0.0,
        0.0,
        0.0,
        0.0,
        0.0,
        0.0,
        0.0,
        0.0,
        0.0,
        0.0,
        0.0,
        0.0,
        0.0,
        0.0,
        0.0,
        0.0,
        0.0,
        0.0,
        0.0,
        0.0,
        0.0,
        0.0,
        0.0,
        0.0,
        0.0,
        0.0,
        0.0,
        0.0,
        0.0,
        0.0,
        0.0,
        0.0,
        0.0,
        0.0,
        0.0
      ],
      "cores_active": 0,
      "system_memory_mb": 8174.51953125,
      "system_memory_percent": 39.9
    },
    {
      "timestamp": 1757737578.5686939,
      "process_cpu": 76.7,
      "process_memory_mb": 2.46875,
      "process_threads": 2,
      "system_cpu_avg": 3.5,
      "system_cpu_cores": [
        0.0,
        1.9,
        0.0,
        0.0,
        100.0,
        0.0,
        2.0,
        0.0,
        0.0,
        5.7,
        0.0,
        0.0,
        0.0,
        2.0,
        0.0,
        3.9,
        0.0,
        2.0,
        0.0,
        2.0,
        0.0,
        0.0,
        0.0,
        0.0,
        0.0,
        2.0,
        0.0,
        0.0,
        0.0,
        0.0,
        0.0,
        0.0,
        0.0,
        0.0,
        82.4,
        0.0,
        0.0,
        0.0,
        0.0,
        0.0,
        0.0,
        0.0,
        0.0,
        0.0,
        0.0,
        5.8,
        0.0,
        0.0,
        0.0,
        0.0,
        0.0,
        0.0,
        0.0,
        0.0,
        0.0,
        3.8,
        0.0,
        0.0,
        4.0,
        9.8,
        0.0,
        0.0,
        0.0,
        0.0
      ],
      "cores_active": 5,
      "system_memory_mb": 8174.89453125,
      "system_memory_percent": 39.9
    },
    {
      "timestamp": 1757737579.0774798,
      "process_cpu": 102.4,
      "process_memory_mb": 2.72265625,
      "process_threads": 2,
      "system_cpu_avg": 3.9,
      "system_cpu_cores": [
        0.0,
        0.0,
        0.0,
        5.7,
        44.0,
        0.0,
        0.0,
        1.9,
        2.0,
        2.0,
        0.0,
        0.0,
        0.0,
        0.0,
        0.0,
        0.0,
        0.0,
        2.0,
        0.0,
        0.0,
        0.0,
        2.0,
        0.0,
        0.0,
        0.0,
        0.0,
        0.0,
        0.0,
        0.0,
        0.0,
        0.0,
        2.0,
        0.0,
        0.0,
        100.0,
        2.0,
        54.9,
        0.0,
        0.0,
        0.0,
        0.0,
        0.0,
        2.0,
        0.0,
        0.0,
        0.0,
        0.0,
        5.9,
        0.0,
        0.0,
        0.0,
        0.0,
        1.9,
        5.7,
        0.0,
        2.0,
        2.0,
        2.0,
        2.0,
        2.0,
        3.9,
        2.0,
        0.0,
        0.0
      ],
      "cores_active": 6,
      "system_memory_mb": 8174.3671875,
      "system_memory_percent": 39.9
    },
    {
      "timestamp": 1757737579.5865762,
      "process_cpu": 100.2,
      "process_memory_mb": 2.46875,
      "process_threads": 2,
      "system_cpu_avg": 5.9,
      "system_cpu_cores": [
        2.0,
        3.8,
        3.8,
        4.0,
        90.4,
        3.9,
        5.7,
        3.8,
        2.0,
        3.9,
        2.0,
        0.0,
        2.0,
        5.6,
        2.0,
        2.0,
        3.8,
        2.0,
        2.0,
        2.0,
        3.8,
        2.0,
        2.0,
        2.0,
        2.0,
        0.0,
        3.9,
        3.8,
        2.0,
        2.0,
        2.0,
        3.8,
        2.0,
        4.4,
        100.0,
        3.9,
        9.8,
        2.0,
        2.0,
        3.8,
        2.0,
        2.0,
        0.0,
        3.8,
        2.0,
        3.8,
        3.9,
        2.0,
        3.9,
        3.8,
        2.0,
        1.9,
        3.9,
        7.4,
        3.8,
        0.0,
        2.0,
        2.0,
        5.8,
        0.0,
        5.8,
        3.8,
        3.8,
        0.0
      ],
      "cores_active": 8,
      "system_memory_mb": 8174.21484375,
      "system_memory_percent": 39.9
    },
    {
      "timestamp": 1757737580.096495,
      "process_cpu": 98.2,
      "process_memory_mb": 2.46875,
      "process_threads": 2,
      "system_cpu_avg": 3.9,
      "system_cpu_cores": [
        0.0,
        2.0,
        0.0,
        0.0,
        94.1,
        9.8,
        0.0,
        0.0,
        2.0,
        2.0,
        0.0,
        0.0,
        0.0,
        0.0,
        6.0,
        0.0,
        0.0,
        0.0,
        0.0,
        0.0,
        0.0,
        1.9,
        0.0,
        0.0,
        0.0,
        0.0,
        0.0,
        0.0,
        0.0,
        1.9,
        0.0,
        2.0,
        3.8,
        0.0,
        73.1,
        0.0,
        6.0,
        0.0,
        0.0,
        0.0,
        0.0,
        0.0,
        3.9,
        0.0,
        2.0,
        1.9,
        0.0,
        2.0,
        2.0,
        0.0,
        0.0,
        0.0,
        2.0,
        29.4,
        0.0,
        3.8,
        0.0,
        0.0,
        0.0,
        0.0,
        0.0,
        2.0,
        0.0,
        0.0
      ],
      "cores_active": 6,
      "system_memory_mb": 8172.75390625,
      "system_memory_percent": 39.9
    },
    {
      "timestamp": 1757737580.6040316,
      "process_cpu": 100.0,
      "process_memory_mb": 2.72265625,
      "process_threads": 2,
      "system_cpu_avg": 5.3,
      "system_cpu_cores": [
        2.0,
        0.0,
        0.0,
        3.8,
        100.0,
        2.0,
        2.0,
        0.0,
        2.0,
        3.9,
        2.0,
        3.9,
        2.0,
        3.8,
        0.0,
        2.0,
        2.0,
        2.0,
        2.0,
        2.0,
        2.0,
        2.0,
        2.0,
        2.0,
        2.0,
        2.0,
        2.0,
        2.0,
        2.0,
        6.0,
        2.0,
        2.0,
        0.0,
        3.9,
        0.0,
        3.9,
        1.9,
        2.0,
        2.0,
        0.0,
        1.9,
        2.0,
        3.8,
        2.0,
        2.0,
        2.0,
        4.0,
        5.9,
        2.0,
        3.8,
        2.0,
        2.0,
        2.0,
        100.0,
        2.0,
        2.0,
        2.0,
        2.0,
        4.1,
        3.9,
        2.0,
        2.0,
        2.0,
        2.0
      ],
      "cores_active": 4,
      "system_memory_mb": 8172.71875,
      "system_memory_percent": 39.9
    },
    {
      "timestamp": 1757737581.1113958,
      "process_cpu": 100.5,
      "process_memory_mb": 2.46875,
      "process_threads": 2,
      "system_cpu_avg": 5.2,